{
    "slope": 0.9796812334815551,
    "intercept": -3.181344077063385e-16,
    "normalizer_type": "zscore",
    "km_params": {
        "mean": 77830.9,
        "std": 40762.745531551234
    },
    "price_params": {
        "mean": 16748.13,
        "std": 6339.113551049547
    },
    "precision_r2": 0.9720670243903016,
    "final_loss": 0.027932975609698464
}