{
    "slope": -0.8711511789944046,
    "intercept": 0.8891488666603871,
    "normalizer_type": "minmax",
    "km_params": {
        "min": 22899.0,
        "max": 240000.0,
        "range": 217101.0
    },
    "price_params": {
        "min": 3650.0,
        "max": 8290.0,
        "range": 4640.0
    },
    "precision_r2": 0.720132480911182,
    "final_loss": 0.021694688312281125
}