{
    "slope": -0.8500868143146729,
    "intercept": 2.349972068789914e-16,
    "normalizer_type": "zscore",
    "km_params": {
        "mean": 101066.25,
        "std": 51565.1899106445
    },
    "price_params": {
        "mean": 6331.833333333333,
        "std": 1291.8688873961714
    },
    "precision_r2": 0.7329380737863453,
    "final_loss": 0.2670619262136547
}