{
    "slope": -0.8467590121089591,
    "intercept": 2.243575695596672e-16,
    "km_mean": 101066.25,
    "km_std": 51565.1899106445,
    "price_mean": 6331.833333333333,
    "price_std": 1291.8688873961714,
    "precision_r2": 0.7328867157644636,
    "final_loss": 0.2671132842355363
}