{
    "slope": -0.990606053525824,
    "intercept": 0.0,
    "km_mean": 75000.0,
    "km_std": 25000.0,
    "price_mean": 6500.0,
    "price_std": 1500.0,
    "precision_r2": 0.9999117537696404,
    "final_loss": 8.824623035968404e-05
}